var_a,var_b,pearson,spearman,n_obs
taxa,taxa,1.0,1.0,
taxa,taxa_l1,0.5444636391716888,0.6697147496871473,18156518
taxa,taxa_l2,0.094251304531534,0.5628630313479951,14181948
taxa,taxa_l3,0.0426890879481651,0.47645566969196973,10989896
taxa,estoque_medio,-0.00005227109584961631,-0.13778320160564114,23186994
taxa,estoque_l1,-0.000050312286279762376,-0.03984950494412168,18157846
taxa,idade_anos,-0.00009067059934245061,-0.20061267370476524,23186951
taxa,arrecadado,0.016211351581324144,0.999379362461311,23186994
taxa_l1,taxa_l1,1.0,1.0,
taxa_l1,taxa_l2,0.7287099854256974,0.7149047220631845,14191080
taxa_l1,taxa_l3,0.04268174482345952,0.5751080209230462,10998098
taxa_l1,estoque_medio,-0.000040809311314975957,-0.035336999543379155,18166809
taxa_l1,estoque_l1,-0.00004089573276814729,-0.006291398232875529,18166809
taxa_l1,idade_anos,-0.00007617433503276041,-0.05154731586391563,18166809
taxa_l1,arrecadado,0.01062388861385086,0.669848545945121,18166809
taxa_l2,taxa_l2,1.0,1.0,
taxa_l2,taxa_l3,0.1107582629061471,0.7092192274693281,11002621
taxa_l2,estoque_medio,-0.00003958591613824844,-0.06480321051119226,14196411
taxa_l2,estoque_l1,-0.000039810949184954885,-0.042523308967385556,14196411
taxa_l2,idade_anos,-0.00006655770957662824,-0.05455792723576292,14196411
taxa_l2,arrecadado,0.0014176815013900764,0.5627549462493701,14196411
taxa_l3,taxa_l3,1.0,1.0,
taxa_l3,estoque_medio,-0.00013843939247454293,-0.0954131031213132,11005452
taxa_l3,estoque_l1,-0.00013932941129205163,-0.07371954216712744,11005452
taxa_l3,idade_anos,-0.00018745886461373648,-0.05375407802029974,11005452
taxa_l3,arrecadado,0.00029042562396878124,0.4725136575656248,11005452
estoque_medio,estoque_medio,1.0,1.0,
estoque_medio,estoque_l1,0.9946773132535242,0.997580500958477,18195976
estoque_medio,idade_anos,0.0011508133000070217,0.4360804501827709,23230932
estoque_medio,arrecadado,0.04031817735715091,-0.12933032839719524,23230975
estoque_l1,estoque_l1,1.0,1.0,
estoque_l1,idade_anos,0.0012706338792691377,0.38796000526821844,18195976
estoque_l1,arrecadado,0.034093973011377,-0.03699315399354273,18195976
idade_anos,idade_anos,1.0,1.0,
idade_anos,arrecadado,-0.0004443802104206889,-0.19594947299300583,23230932
arrecadado,arrecadado,1.0,1.0,
