param,coef,pvalue
Intercept,-0.687857363953967,1.4961801481087209e-192
C(ano)[T.2018],-0.3504800025976049,8.225397350960303e-70
C(ano)[T.2019],-0.34759267512505854,2.7398484349501076e-70
C(ano)[T.2020],-0.4910083346439194,7.887475104039959e-138
C(ano)[T.2021],-0.814414744552291,0.0
C(ano)[T.2022],-0.9836063989371864,0.0
C(ano)[T.2023],-1.1536734978687095,0.0
C(ano)[T.2024],-1.2428566065317632,0.0
C(ano)[T.2025],-1.4888729008621684,0.0
C(ano)[T.2026],-2.1009068471205103,0.0
taxa_l1,0.0013989699271002743,0.00021075077408397202
log_estoque,-0.09718908212993504,0.0
idade_anos,-0.08336481728665486,0.0
