ano,n,estoque_sum,arrec_sum,taxa_carteira,taxa_media_id,share_pago
2016,1580430,320701163454.25757,894584337.8899999,0.0027894639615724274,0.19662345699841713,0.10318204539270957
2017,1722254,353984688066.0576,1139843660.9799943,0.003220036627028586,0.20516402164920172,0.10950301175087995
2018,1841277,380964357815.99506,892933716.5099974,0.0023438773160540187,0.03406003904432783,0.08731603121094762
2019,2183992,410616726082.2055,1522991533.8400116,0.0037090343308010024,0.10666255330527023,0.10571284143897963
2020,1808303,328915962549.57477,998837633.6999956,0.0030367563372648695,0.18221020440038554,0.10782927418690341
2021,1908325,336064096688.42786,1090479765.4799964,0.0032448564908467547,0.19318047723738527,0.08122358612919707
2022,2269400,360808122030.8682,1201994798.1100068,0.003331396176295534,0.2215482525162395,0.08703842425310655
2023,2485465,386512954163.9661,1284235488.2100155,0.0033226195251019153,0.2923630008321497,0.08688917365563385
2024,2379239,414140535622.7551,2924316259.3300085,0.007061168873345444,0.5856902930447117,0.06823190104062686
2025,2659566,438578710504.2056,2516081311.71,0.005736897964831498,0.5362774120704933,0.06478049426109372
2026,2392724,450416064375.6991,623410346.7400002,0.0013840766261391689,0.1129448864584193,0.023961810890014895
