tipo_bruto,bucket,regra,n_linhas,n_id,soma_valor
IPVA,IPVA,contem IPVA,539367729,24729670,741786033294.6031
ICMS Declarado,ICMS,contem ICMS,207900434,6072971,11164681123029.832
Taxa Judiciária,TAXAS,nem IPVA nem ICMS,21925882,989671,66144204575.45058
ICMS Autuação,ICMS,contem ICMS,9805901,178857,31122261869478.33
Multa Penal,TAXAS,nem IPVA nem ICMS,8283503,135480,155705823156.7893
Multas,TAXAS,nem IPVA nem ICMS,5873646,152514,582961435024.6548
Multa de Nota Fiscal Paulista,TAXAS,nem IPVA nem ICMS,2219253,37035,24423711044.519638
Reposição de Vencimentos,TAXAS,nem IPVA nem ICMS,1675794,49893,36273944010.08717
Multa Ipca,TAXAS,nem IPVA nem ICMS,1013943,25950,320759606825.01074
Multa Pessoal / Processual,TAXAS,nem IPVA nem ICMS,654148,13628,10991657837.679115
IPVA Autuação,IPVA,contem IPVA,617108,19619,4390692947.728747
ITCMD Doação Autuação,TAXAS,nem IPVA nem ICMS,558302,8375,63804764346.842415
ITCMD Causa Mortis Declarado,TAXAS,nem IPVA nem ICMS,441361,14858,6402334607.396948
Multa de Transporte e Trânsito / Emissão de Fonte Móvel,TAXAS,nem IPVA nem ICMS,395512,12868,5494543355.330132
Multa Contratual,TAXAS,nem IPVA nem ICMS,268525,6556,56306800433.808655
ITCMD Causa Mortis Autuação,TAXAS,nem IPVA nem ICMS,177004,3968,10962260932.50314
Devolução de Qualquer Natureza,TAXAS,nem IPVA nem ICMS,138796,4316,117015473353.5311
ICMS Fecoep,ICMS,contem ICMS,101463,10567,2136380016.269978
ITCMD Doação Declarado,TAXAS,nem IPVA nem ICMS,98990,2953,2987602676.1820836
Multa CBPMESP,TAXAS,nem IPVA nem ICMS,73176,7843,639010258.5300004
ICMS Autuação Simples Nacional,ICMS,contem ICMS,61856,1229,13339431604.844435
Taxas Autuação,TAXAS,nem IPVA nem ICMS,50617,874,76105893780.43787
Multa Cadastro IPVA,IPVA,contem IPVA,31693,957,1256903973.5000033
Despesas Processuais,TAXAS,nem IPVA nem ICMS,19933,478,43632032.702543646
ITBI Doação / Causa Mortis,TAXAS,nem IPVA nem ICMS,15213,378,816649575.830001
Multa de Outorga,TAXAS,nem IPVA nem ICMS,13714,327,687182855.970002
Contribuição Previdenciária SPPREV,TAXAS,nem IPVA nem ICMS,11023,328,278294703.9900001
Devolução Nota Fiscal Paulista,TAXAS,nem IPVA nem ICMS,10741,219,1030786961.549999
Taxas Declarado,TAXAS,nem IPVA nem ICMS,10402,188,16710797119.35997
Multa Daesp,TAXAS,nem IPVA nem ICMS,8301,124,3836140491.66
ICMS Alteração de GIA,ICMS,contem ICMS,7038,99,1090030138.1900024
Cobrança pelo Uso da Água,TAXAS,nem IPVA nem ICMS,3143,80,80135503.58999997
Taxa de Mandato Judicial,TAXAS,nem IPVA nem ICMS,3028,57,1252476.439999999
Contribuição Previdenciária IPESP,TAXAS,nem IPVA nem ICMS,2742,60,1000826592.5600024
Verba Honorária,TAXAS,nem IPVA nem ICMS,953,23,239194491.3700001
Diligência de Oficial de Justiça,TAXAS,nem IPVA nem ICMS,654,27,159438.50999999995
Estadia Veículo Pátio,TAXAS,nem IPVA nem ICMS,615,12,16578056.190000005
Multa SAA,TAXAS,nem IPVA nem ICMS,613,21,7852454.039999997
Multa Par,TAXAS,nem IPVA nem ICMS,540,37,519295773.95000017
Repasse,TAXAS,nem IPVA nem ICMS,524,11,466891398.2799998
Honorários Periciais,TAXAS,nem IPVA nem ICMS,478,22,368656.44
Inscrito,TAXAS,nem IPVA nem ICMS,250,221,26413386.270000003
Carteira de Previdência,TAXAS,nem IPVA nem ICMS,116,7,3703315.420000001
Taxas Autuação Emolumentos,TAXAS,nem IPVA nem ICMS,90,15,268775824.10999995
Devolução de Taxas de Emolumentos,TAXAS,nem IPVA nem ICMS,32,2,1065221.3899999997
Multa Contratual Banco,TAXAS,nem IPVA nem ICMS,15,3,33481.91
Multa Ipem,TAXAS,nem IPVA nem ICMS,7,1,42426.060000000005
Processo sobrestado - artigo 40 (por decisao judicial via tela de anotacao do ef),TAXAS,nem IPVA nem ICMS,7,7,1209928.5
(nulo),TAXAS,nem IPVA nem ICMS,4,4,17216.710000000003
Suspenso,TAXAS,nem IPVA nem ICMS,4,3,23246.239999999998
IP,TAXAS,nem IPVA nem ICMS,2,2,20178.51
I,TAXAS,nem IPVA nem ICMS,2,2,1575.78
IPVAPVA,IPVA,contem IPVA,2,2,2757.0600000000004
eclarado,TAXAS,nem IPVA nem ICMS,2,2,133108.91
nscrito,TAXAS,nem IPVA nem ICMS,2,2,4502.5599999999995
to,TAXAS,nem IPVA nem ICMS,2,2,6929400.12
IIPVA,IPVA,contem IPVA,2,2,746.28
Declarado,TAXAS,nem IPVA nem ICMS,2,2,234.79000000000002
ICMS Declanscrito,ICMS,contem ICMS,2,2,46624.259999999995
ICM Declarado,TAXAS,nem IPVA nem ICMS,2,2,92053.51999999999
PVA,TAXAS,nem IPVA nem ICMS,2,2,2114.4900000000002
ICMS Declaradarado,ICMS,contem ICMS,2,2,413267.9
TPVA,TAXAS,nem IPVA nem ICMS,1,1,1074.14
IPVito,TAXAS,nem IPVA nem ICMS,1,1,79823.09
ICMS Autuascrito,ICMS,contem ICMS,1,1,10462.68
ICMS Declaradoa Penal,ICMS,contem ICMS,1,1,515.41
Iultas,TAXAS,nem IPVA nem ICMS,1,1,926.24
ado,TAXAS,nem IPVA nem ICMS,1,1,20.65
IPrito,TAXAS,nem IPVA nem ICMS,1,1,18501.88
ICMS Declaclarado,ICMS,contem ICMS,1,1,3211.99
ICMSecisao judicial),ICMS,contem ICMS,1,1,8132.18
ICMS Decisao judicial via tela de anotacao do ef),ICMS,contem ICMS,1,1,124425.29
IPVAesso sobrestado - artigo 40 (por decisao judicial via tela de anotacao do ef),IPVA,contem IPVA,1,1,67694.65
IPVInscrito,TAXAS,nem IPVA nem ICMS,1,1,1573.92
IPVAarado,IPVA,contem IPVA,1,1,4685.2
ICMS DeclICMS Declarado,ICMS,contem ICMS,1,1,46043.33
Multa Pescrito,TAXAS,nem IPVA nem ICMS,1,1,1509.63
ICMSo,ICMS,contem ICMS,1,1,21802.78
ICMS Dea,ICMS,contem ICMS,1,1,5304.0
Taxa Judicido,TAXAS,nem IPVA nem ICMS,1,1,4591.93
Taxa JudiciáriPVA,IPVA,contem IPVA,1,1,651.39
IPnscrito,TAXAS,nem IPVA nem ICMS,1,1,29398.62
IPVAIPVA,IPVA,contem IPVA,1,1,1758.25
ICscrito,TAXAS,nem IPVA nem ICMS,1,1,682.09
IC,TAXAS,nem IPVA nem ICMS,1,1,1328.82
IS Declarado,TAXAS,nem IPVA nem ICMS,1,1,125785.23
ICMS D Autuação,ICMS,contem ICMS,1,1,749830.16
ICrado,TAXAS,nem IPVA nem ICMS,1,1,7497.67
ICMS Declaradto,ICMS,contem ICMS,1,1,735.4
ICMS DecS Declarado,ICMS,contem ICMS,1,1,117377.75
ICMS Derito,ICMS,contem ICMS,1,1,10853.82
ICMS DeclarPVA,ICMS,contem ICMS,1,1,669.06
Iao do ef),TAXAS,nem IPVA nem ICMS,1,1,8991.88
ICMS Autuaçito,ICMS,contem ICMS,1,1,23576.89
IPVICMS Declarado,ICMS,contem ICMS,1,1,3144.11
ICMSDeclarado,ICMS,contem ICMS,1,1,7497.75
ICMS Declaraddiciária,ICMS,contem ICMS,1,1,198.02
ICMS Decla Declarado,ICMS,contem ICMS,1,1,12026.95
Taxa Judi,TAXAS,nem IPVA nem ICMS,1,1,1453.41
ICMA,TAXAS,nem IPVA nem ICMS,1,1,1903.83
Taxa JudiA,TAXAS,nem IPVA nem ICMS,1,1,565.53
ICMS Deito,ICMS,contem ICMS,1,1,738.11
ICMS DeICMS Declarado,ICMS,contem ICMS,1,1,9935.12
IPo,TAXAS,nem IPVA nem ICMS,1,1,2858.89
Taxa JudicPVA,TAXAS,nem IPVA nem ICMS,1,1,655.98
ICMS DInscrito,ICMS,contem ICMS,1,1,1290.25
ICMS Declar Declarado,ICMS,contem ICMS,1,1,352869.16
IPVAclarado,IPVA,contem IPVA,1,1,297.19
IVA,TAXAS,nem IPVA nem ICMS,1,1,1318.97
IPeclarado,TAXAS,nem IPVA nem ICMS,1,1,12.99
ICMS DeclIPVA,IPVA,contem IPVA,1,1,1020.3
ICMS Decla Penal,ICMS,contem ICMS,1,1,752.42
A,TAXAS,nem IPVA nem ICMS,1,1,402.46
IPVnscrito,TAXAS,nem IPVA nem ICMS,1,1,6877.55
IPVArado,IPVA,contem IPVA,1,1,1505.77
scrito,TAXAS,nem IPVA nem ICMS,1,1,16.34
ncimentos,TAXAS,nem IPVA nem ICMS,1,1,2118.59
ICMSVA,ICMS,contem ICMS,1,1,1195.07
Multa derado,TAXAS,nem IPVA nem ICMS,1,1,368.75
do,TAXAS,nem IPVA nem ICMS,1,1,245.12
ICMS DeclaradA,ICMS,contem ICMS,1,1,1737.55
ICMS Autudo,ICMS,contem ICMS,1,1,1571.16
ICMS DeclaradoPVA,ICMS,contem ICMS,1,1,435.27
IPVAlista,IPVA,contem IPVA,1,1,2984.63
ICMS Declaraado,ICMS,contem ICMS,1,1,55364.83
ICA,TAXAS,nem IPVA nem ICMS,1,1,518.17
Multa Penatuação,TAXAS,nem IPVA nem ICMS,1,1,495169.81
ia,TAXAS,nem IPVA nem ICMS,1,1,3402.07
ICMS Declaradoto,ICMS,contem ICMS,1,1,24360.06
ICMS DeS Declarado,ICMS,contem ICMS,1,1,44520.09
ICMS Declaradscrito,ICMS,contem ICMS,1,1,11023.86
crito,TAXAS,nem IPVA nem ICMS,1,1,2400.63
ICMInscrito,TAXAS,nem IPVA nem ICMS,1,1,80448.24
ICMSeclarado,ICMS,contem ICMS,1,1,7.97
Taxa JudIPVA,IPVA,contem IPVA,1,1,1307.87
ICMS to,ICMS,contem ICMS,1,1,1202032.31
IPV,TAXAS,nem IPVA nem ICMS,1,1,6237.77
ICMS Declar,ICMS,contem ICMS,1,1,31027.91
Multa Penalo,TAXAS,nem IPVA nem ICMS,1,1,23.63
IPIPVA,IPVA,contem IPVA,1,1,1029.28
